  Reading names from RC Drag Manager on this laptop. No internet needed.
  RC Drag Manager: Brad vs Angus P [tet RR1]

--------------------------------------------------------------
09:29:08   SLIP 1
--------------------------------------------------------------
          Portatree Timing Systems        
          Championship Drag Racing        
             www.portatree.com            
          -         Entry        -
        0.00        Dial       0.00  
        2.3010       RT       -0.0424
    58.12  MPH  41.70
    2.9280  ET  5.8000
   WINNER  <<<
  Right FOUL
  Left 1st  0.5286
  Autostart OFF

  LEFT                RIGHT
  RT       2.3010     -
  ET       2.9280     5.8000
  MPH      58.12      41.70


--------------------------------------------------------------
09:29:45   SLIP 2
--------------------------------------------------------------
          Portatree Timing Systems        
          Championship Drag Racing        
             www.portatree.com            
          -         Entry        -
        0.00        Dial       0.00  
        0.0174       RT        0.1455
    56.67  MPH  45.88
    2.3385  ET  2.8827
   WINNER  <<<
  Left 1st  0.6723
  Autostart OFF

  LEFT                RIGHT
  RT       0.0174     0.1455
  ET       2.3385     2.8827
  MPH      56.67      45.88

  Winner picked. Holding the result on the stream for 15 seconds.
  RC Drag Manager: test vs test 2 [testing RR1]

--------------------------------------------------------------
09:30:33   SLIP 3
--------------------------------------------------------------
          Portatree Timing Systems        
          Championship Drag Racing        
             www.portatree.com            
          -         Entry        -
        0.00        Dial       0.00  
        0.1720       RT        LB3A
    26.17  MPH
    2.8389  ET    DQ
   WINNER  <<<
  Right Stage FOUL
  Left 1st
  Autostart OFF

  LEFT                RIGHT
  RT       0.1720     -
  ET       2.8389     DQ
  MPH      26.17      -


--------------------------------------------------------------
09:31:13   SLIP 4
--------------------------------------------------------------
          Portatree Timing Systems        
          Championship Drag Racing        
             www.portatree.com            
          -         Entry        -
        0.00        Dial       0.00  
         LB3A        RT        0.1883
           MPH  60.28
     DQ     ET  2.3929
           >>> WINNER
  Left Staging FOUL
  Right 1st
  Autostart OFF

  LEFT                RIGHT
  RT       -          0.1883
  ET       DQ         2.3929
  MPH      -          60.28


--------------------------------------------------------------
09:31:57   SLIP 5
--------------------------------------------------------------
          Portatree Timing Systems        
          Championship Drag Racing        
             www.portatree.com            
          -         Entry        -
        0.00        Dial       0.00  
         LB3A        RT        0.1252
           MPH  61.14
     DQ     ET  2.2323
           >>> WINNER
  Left Staging FOUL
  Right 1st
  Autostart OFF

  LEFT                RIGHT
  RT       -          0.1252
  ET       DQ         2.2323
  MPH      -          61.14


--------------------------------------------------------------
09:34:17   SLIP 6
--------------------------------------------------------------
          Portatree Timing Systems        
          Championship Drag Racing        
             www.portatree.com            
          -         Entry        -
        0.00        Dial       0.00  
        0.1394       RT        LB3A
     2.53  MPH
    2.9909  ET    DQ
   WINNER  <<<
  Right Stage FOUL
  Left 1st
  Autostart OFF

  LEFT                RIGHT
  RT       0.1394     -
  ET       2.9909     DQ
  MPH      2.53       -


--------------------------------------------------------------
09:35:36   SLIP 7
--------------------------------------------------------------
          Portatree Timing Systems        
          Championship Drag Racing        
             www.portatree.com            
          -         Entry        -
        0.00        Dial       0.00  
        0.0875       RT        LB3A
    55.65  MPH
    2.7193  ET    DQ
   WINNER  <<<
  Right Stage FOUL
  Left 1st
  Autostart OFF

  LEFT                RIGHT
  RT       0.0875     -
  ET       2.7193     DQ
  MPH      55.65      -


--------------------------------------------------------------
09:37:06   SLIP 8
--------------------------------------------------------------
          Portatree Timing Systems        
          Championship Drag Racing        
             www.portatree.com            
          -         Entry        -
        0.00        Dial       0.00  
        0.1242       RT       -0.1029
     2.98  MPH  49.26
    2.8791  ET  3.1125
   WINNER  <<<
  Right FOUL
  Left 1st  0.0063
  Autostart OFF

  LEFT                RIGHT
  RT       0.1242     -
  ET       2.8791     3.1125
  MPH      2.98       49.26


--------------------------------------------------------------
09:37:42   SLIP 9
--------------------------------------------------------------
          Portatree Timing Systems        
          Championship Drag Racing        
             www.portatree.com            
          -         Entry        -
        0.00        Dial       0.00  
         LB3A        RT        0.3043
           MPH  81.94
     DQ     ET  1.8208
           >>> WINNER
  Left Staging FOUL
  Right 1st
  Autostart OFF

  LEFT                RIGHT
  RT       -          0.3043
  ET       DQ         1.8208
  MPH      -          81.94


--------------------------------------------------------------
09:39:32   SLIP 10
--------------------------------------------------------------
          Portatree Timing Systems        
          Championship Drag Racing        
             www.portatree.com            
          -         Entry        -
        0.00        Dial       0.00  
        0.1487       RT        LB3A
    25.92  MPH
    4.1386  ET    DQ
   WINNER  <<<
  Right Stage FOUL
  Left 1st
  Autostart OFF

  LEFT                RIGHT
  RT       0.1487     -
  ET       4.1386     DQ
  MPH      25.92      -


--------------------------------------------------------------
09:42:04   SLIP 11
--------------------------------------------------------------
          Portatree Timing Systems        
          Championship Drag Racing        
             www.portatree.com            
          -         Entry        -
        0.00        Dial       0.00  
        0.3007       RT        0.0812
    45.06  MPH  59.59
    2.6921  ET  2.5485
           >>> WINNER
  Right 1st  0.3631
  Autostart OFF

  LEFT                RIGHT
  RT       0.3007     0.0812
  ET       2.6921     2.5485
  MPH      45.06      59.59


--------------------------------------------------------------
09:45:35   SLIP 12
--------------------------------------------------------------
          Portatree Timing Systems        
          Championship Drag Racing        
             www.portatree.com            
          -         Entry        -
        0.00        Dial       0.00  
        0.0989       RT        0.1270
    65.62  MPH  54.67
    2.0195  ET  2.7617
   WINNER  <<<
  Left 1st  0.7703
  Autostart OFF

  LEFT                RIGHT
  RT       0.0989     0.1270
  ET       2.0195     2.7617
  MPH      65.62      54.67


--------------------------------------------------------------
09:46:10   SLIP 13
--------------------------------------------------------------
          Portatree Timing Systems        
          Championship Drag Racing        
             www.portatree.com            
          -         Entry        -
        0.00        Dial       0.00  
         LB3A        RT       -0.0227
           MPH  59.39
     DQ     ET  2.3621
           >>> WINNER
  Left Staging FOUL
  Right 1st
  Autostart OFF

  LEFT                RIGHT
  RT       -          -
  ET       DQ         2.3621
  MPH      -          59.39


--------------------------------------------------------------
09:47:28   SLIP 14
--------------------------------------------------------------
          Portatree Timing Systems        
          Championship Drag Racing        
             www.portatree.com            
          -         Entry        -
        0.00        Dial       0.00  
        0.0510       RT        0.0831
    30.28  MPH  63.01
    3.5553  ET  2.2271
           >>> WINNER
  Right 1st  1.2961
  Autostart OFF

  LEFT                RIGHT
  RT       0.0510     0.0831
  ET       3.5553     2.2271
  MPH      30.28      63.01


--------------------------------------------------------------
09:48:46   SLIP 15
--------------------------------------------------------------
          Portatree Timing Systems        
          Championship Drag Racing        
             www.portatree.com            
          -         Entry        -
        0.00        Dial       0.00  
         LB3A        RT        0.0387
           MPH  62.49
     DQ     ET  2.2431
           >>> WINNER
  Left Staging FOUL
  Right 1st
  Autostart OFF

  LEFT                RIGHT
  RT       -          0.0387
  ET       DQ         2.2431
  MPH      -          62.49


--------------------------------------------------------------
09:52:16   SLIP 16
--------------------------------------------------------------
          Portatree Timing Systems        
          Championship Drag Racing        
             www.portatree.com            
          -         Entry        -
        0.00        Dial       0.00  
        0.0504       RT        LB3A
    26.44  MPH
    3.5117  ET    DQ
   WINNER  <<<
  Right Stage FOUL
  Left 1st
  Autostart OFF

  LEFT                RIGHT
  RT       0.0504     -
  ET       3.5117     DQ
  MPH      26.44      -


--------------------------------------------------------------
09:52:44   SLIP 17
--------------------------------------------------------------
          Portatree Timing Systems        
          Championship Drag Racing        
             www.portatree.com            
          -         Entry        -
        0.00        Dial       0.00  
         LB3A        RT        0.1367
           MPH  55.34
     DQ     ET  2.7066
           >>> WINNER
  Left Staging FOUL
  Right 1st
  Autostart OFF

  LEFT                RIGHT
  RT       -          0.1367
  ET       DQ         2.7066
  MPH      -          55.34


--------------------------------------------------------------
09:54:26   SLIP 18
--------------------------------------------------------------
          Portatree Timing Systems        
          Championship Drag Racing        
             www.portatree.com            
          -         Entry        -
        0.00        Dial       0.00  
         LB3A        RT        0.3214
           MPH  50.24
     DQ     ET  2.8727
           >>> WINNER
  Left Staging FOUL
  Right 1st
  Autostart OFF

  LEFT                RIGHT
  RT       -          0.3214
  ET       DQ         2.8727
  MPH      -          50.24


--------------------------------------------------------------
09:55:55   SLIP 19
--------------------------------------------------------------
          Portatree Timing Systems        
          Championship Drag Racing        
             www.portatree.com            
          -         Entry        -
        0.00        Dial       0.00  
         LB3A        RT        0.3262
           MPH  50.09
     DQ     ET  2.8465
           >>> WINNER
  Left Staging FOUL
  Right 1st
  Autostart OFF

  LEFT                RIGHT
  RT       -          0.3262
  ET       DQ         2.8465
  MPH      -          50.09


--------------------------------------------------------------
09:57:42   SLIP 20
--------------------------------------------------------------
          Portatree Timing Systems        
          Championship Drag Racing        
             www.portatree.com            
          -         Entry        -
        0.00        Dial       0.00  
        0.0611       RT        0.1763
    61.87  MPH  86.74
    2.2644  ET  1.8146
           >>> WINNER
  Right 1st  0.3346
  Autostart OFF

  LEFT                RIGHT
  RT       0.0611     0.1763
  ET       2.2644     1.8146
  MPH      61.87      86.74


--------------------------------------------------------------
09:59:15   SLIP 21
--------------------------------------------------------------
          Portatree Timing Systems        
          Championship Drag Racing        
             www.portatree.com            
          -         Entry        -
        0.00        Dial       0.00  
        0.1569       RT        LB3A
    46.89  MPH
    2.8564  ET    DQ
   WINNER  <<<
  Right Stage FOUL
  Left 1st
  Autostart OFF

  LEFT                RIGHT
  RT       0.1569     -
  ET       2.8564     DQ
  MPH      46.89      -


--------------------------------------------------------------
10:01:58   SLIP 22
--------------------------------------------------------------
          Portatree Timing Systems        
          Championship Drag Racing        
             www.portatree.com            
          -         Entry        -
        0.00        Dial       0.00  
        0.0742       RT       -0.0568
    75.75  MPH  51.61
    1.9930  ET  2.9300
   WINNER  <<<
  Right FOUL
  Left 1st  0.8060
  Autostart OFF

  LEFT                RIGHT
  RT       0.0742     -
  ET       1.9930     2.9300
  MPH      75.75      51.61


--------------------------------------------------------------
10:03:28   SLIP 23
--------------------------------------------------------------
          Portatree Timing Systems        
          Championship Drag Racing        
             www.portatree.com            
          -         Entry        -
        0.00        Dial       0.00  
        0.1008       RT        LB3A
    55.52  MPH
    2.7432  ET    DQ
   WINNER  <<<
  Right Stage FOUL
  Left 1st
  Autostart OFF

  LEFT                RIGHT
  RT       0.1008     -
  ET       2.7432     DQ
  MPH      55.52      -


--------------------------------------------------------------
10:06:39   SLIP 24
--------------------------------------------------------------
          Portatree Timing Systems        
          Championship Drag Racing        
             www.portatree.com            
          -         Entry        -
        0.00        Dial       0.00  
         LB3A        RT        0.0527
           MPH
     DQ     ET 64.9999
           >>> WINNER
  Left Staging FOUL
  Right 1st
  Autostart OFF

  LEFT                RIGHT
  RT       -          0.0527
  ET       DQ         64.9999
  MPH      -          -


--------------------------------------------------------------
10:07:16   SLIP 25
--------------------------------------------------------------
          Portatree Timing Systems        
          Championship Drag Racing        
             www.portatree.com            
          -         Entry        -
        0.00        Dial       0.00  
        0.1256       RT        LB3A
           MPH
    2.9295  ET    DQ
   WINNER  <<<
  Right Stage FOUL
  Left 1st
  Autostart OFF

  LEFT                RIGHT
  RT       0.1256     -
  ET       2.9295     DQ
  MPH      -          -


--------------------------------------------------------------
10:10:29   SLIP 26
--------------------------------------------------------------
          Portatree Timing Systems        
          Championship Drag Racing        
             www.portatree.com            
          -         Entry        -
        0.00        Dial       0.00  
        0.4213       RT        LB3A
    14.55  MPH
    6.1248  ET    DQ
   WINNER  <<<
  Right Stage FOUL
  Left 1st
  Autostart OFF

  LEFT                RIGHT
  RT       0.4213     -
  ET       6.1248     DQ
  MPH      14.55      -


--------------------------------------------------------------
10:15:38   SLIP 27
--------------------------------------------------------------
          Portatree Timing Systems        
          Championship Drag Racing        
             www.portatree.com            
          -         Entry        -
        0.00        Dial       0.00  
         LB3A        RT        0.2195
           MPH  23.66
     DQ     ET  3.5666
           >>> WINNER
  Left Staging FOUL
  Right 1st
  Autostart OFF

  LEFT                RIGHT
  RT       -          0.2195
  ET       DQ         3.5666
  MPH      -          23.66


--------------------------------------------------------------
10:18:02   SLIP 28
--------------------------------------------------------------
          Portatree Timing Systems        
          Championship Drag Racing        
             www.portatree.com            
          -         Entry        -
        0.00        Dial       0.00  
         LB3A        RT        0.0069
           MPH
     DQ     ET 65.0000
           >>> WINNER
  Left Staging FOUL
  Right 1st
  Autostart OFF

  LEFT                RIGHT
  RT       -          0.0069
  ET       DQ         65.0000
  MPH      -          -


--------------------------------------------------------------
10:21:38   SLIP 29
--------------------------------------------------------------
          Portatree Timing Systems        
          Championship Drag Racing        
             www.portatree.com            
          -         Entry        -
        0.00        Dial       0.00  
        0.2034       RT        LB3A
    88.54  MPH
    1.5663  ET    DQ
   WINNER  <<<
  Right Stage FOUL
  Left 1st
  Autostart OFF

  LEFT                RIGHT
  RT       0.2034     -
  ET       1.5663     DQ
  MPH      88.54      -


--------------------------------------------------------------
10:22:59   SLIP 30
--------------------------------------------------------------
          Portatree Timing Systems        
          Championship Drag Racing        
             www.portatree.com            
          -         Entry        -
        0.00        Dial       0.00  
         LB3A        RT        0.1047
           MPH  56.07
     DQ     ET  2.6782
           >>> WINNER
  Left Staging FOUL
  Right 1st
  Autostart OFF

  LEFT                RIGHT
  RT       -          0.1047
  ET       DQ         2.6782
  MPH      -          56.07


--------------------------------------------------------------
10:25:37   SLIP 31
--------------------------------------------------------------
          Portatree Timing Systems        
          Championship Drag Racing        
             www.portatree.com            
          -         Entry        -
        0.00        Dial       0.00  
         LB3A        RT        0.1178
           MPH  30.28
     DQ     ET  3.4599
           >>> WINNER
  Left Staging FOUL
  Right 1st
  Autostart OFF

  LEFT                RIGHT
  RT       -          0.1178
  ET       DQ         3.4599
  MPH      -          30.28


--------------------------------------------------------------
10:26:35   SLIP 32
--------------------------------------------------------------
          Portatree Timing Systems        
          Championship Drag Racing        
             www.portatree.com            
          -         Entry        -
        0.00        Dial       0.00  
         LB3A        RT        0.0639
           MPH  75.09
     DQ     ET  1.9822
           >>> WINNER
  Left Staging FOUL
  Right 1st
  Autostart OFF

  LEFT                RIGHT
  RT       -          0.0639
  ET       DQ         1.9822
  MPH      -          75.09


--------------------------------------------------------------
10:27:21   SLIP 33
--------------------------------------------------------------
          Portatree Timing Systems        
          Championship Drag Racing        
             www.portatree.com            
          -         Entry        -
        0.00        Dial       0.00  
         LB3A        RT        0.0388
           MPH  75.42
     DQ     ET  2.2778
           >>> WINNER
  Left Staging FOUL
  Right 1st
  Autostart OFF

  LEFT                RIGHT
  RT       -          0.0388
  ET       DQ         2.2778
  MPH      -          75.42


--------------------------------------------------------------
10:28:42   SLIP 34
--------------------------------------------------------------
          Portatree Timing Systems        
          Championship Drag Racing        
             www.portatree.com            
          -         Entry        -
        0.00        Dial       0.00  
         LB3A        RT        LB3A
           MPH  51.53
     DQ     ET  3.6929
           >>> WINNER
  Left Staging FOUL
  Right 1st
  Autostart OFF

  LEFT                RIGHT
  RT       -          -
  ET       DQ         3.6929
  MPH      -          51.53


--------------------------------------------------------------
10:29:42   SLIP 35
--------------------------------------------------------------
          Portatree Timing Systems        
          Championship Drag Racing        
             www.portatree.com            
          -         Entry        -
        0.00        Dial       0.00  
         LB3A        RT        0.1312
           MPH  36.97
     DQ     ET  3.3017
           >>> WINNER
  Left Staging FOUL
  Right 1st
  Autostart OFF

  LEFT                RIGHT
  RT       -          0.1312
  ET       DQ         3.3017
  MPH      -          36.97


--------------------------------------------------------------
10:33:42   SLIP 36
--------------------------------------------------------------
          Portatree Timing Systems        
          Championship Drag Racing        
             www.portatree.com            
          -         Entry        -
        0.00        Dial       0.00  
        0.0032       RT        LB3A
    56.39  MPH
    2.6966  ET    DQ
   WINNER  <<<
  Right Stage FOUL
  Left 1st
  Autostart OFF

  LEFT                RIGHT
  RT       0.0032     -
  ET       2.6966     DQ
  MPH      56.39      -


--------------------------------------------------------------
10:35:09   SLIP 37
--------------------------------------------------------------
          Portatree Timing Systems        
          Championship Drag Racing        
             www.portatree.com            
          -         Entry        -
        0.00        Dial       0.00  
         LB3A        RT        0.3266
           MPH  84.59
     DQ     ET  1.8041
           >>> WINNER
  Left Staging FOUL
  Right 1st
  Autostart OFF

  LEFT                RIGHT
  RT       -          0.3266
  ET       DQ         1.8041
  MPH      -          84.59


--------------------------------------------------------------
10:36:45   SLIP 38
--------------------------------------------------------------
          Portatree Timing Systems        
          Championship Drag Racing        
             www.portatree.com            
          -         Entry        -
        0.00        Dial       0.00  
         LB3A        RT        0.0635
           MPH  65.18
     DQ     ET  1.9587
           >>> WINNER
  Left Staging FOUL
  Right 1st
  Autostart OFF

  LEFT                RIGHT
  RT       -          0.0635
  ET       DQ         1.9587
  MPH      -          65.18


--------------------------------------------------------------
10:37:41   SLIP 39
--------------------------------------------------------------
          Portatree Timing Systems        
          Championship Drag Racing        
             www.portatree.com            
          -         Entry        -
        0.00        Dial       0.00  
         LB3A        RT        0.0516
           MPH  59.96
     DQ     ET  2.5263
           >>> WINNER
  Left Staging FOUL
  Right 1st
  Autostart OFF

  LEFT                RIGHT
  RT       -          0.0516
  ET       DQ         2.5263
  MPH      -          59.96


--------------------------------------------------------------
10:39:25   SLIP 40
--------------------------------------------------------------
          Portatree Timing Systems        
          Championship Drag Racing        
             www.portatree.com            
          -         Entry        -
        0.00        Dial       0.00  
        0.0346       RT        0.2222
    61.64  MPH  49.62
    2.5526  ET  2.9467
   WINNER  <<<
  Left 1st  0.5817
  Autostart OFF

  LEFT                RIGHT
  RT       0.0346     0.2222
  ET       2.5526     2.9467
  MPH      61.64      49.62


--------------------------------------------------------------
10:40:09   SLIP 41
--------------------------------------------------------------
          Portatree Timing Systems        
          Championship Drag Racing        
             www.portatree.com            
          -         Entry        -
        0.00        Dial       0.00  
         LB3A        RT        0.2863
           MPH  87.07
     DQ     ET  1.8394
           >>> WINNER
  Left Staging FOUL
  Right 1st
  Autostart OFF

  LEFT                RIGHT
  RT       -          0.2863
  ET       DQ         1.8394
  MPH      -          87.07


--------------------------------------------------------------
10:41:06   SLIP 42
--------------------------------------------------------------
          Portatree Timing Systems        
          Championship Drag Racing        
             www.portatree.com            
          -         Entry        -
        0.00        Dial       0.00  
        0.1198       RT        LB3A
    50.73  MPH
    2.5031  ET    DQ
   WINNER  <<<
  Right Stage FOUL
  Left 1st
  Autostart OFF

  LEFT                RIGHT
  RT       0.1198     -
  ET       2.5031     DQ
  MPH      50.73      -


--------------------------------------------------------------
10:41:49   SLIP 43
--------------------------------------------------------------
          Portatree Timing Systems        
          Championship Drag Racing        
             www.portatree.com            
          -         Entry        -
        0.00        Dial       0.00  
         LB3A        RT        0.4059
           MPH
     DQ     ET 64.9999
           >>> WINNER
  Left Staging FOUL
  Right 1st
  Autostart OFF

  LEFT                RIGHT
  RT       -          0.4059
  ET       DQ         64.9999
  MPH      -          -


--------------------------------------------------------------
10:42:13   SLIP 44
--------------------------------------------------------------
          Portatree Timing Systems        
          Championship Drag Racing        
             www.portatree.com            
          -         Entry        -
        0.00        Dial       0.00  
         LB3A        RT        0.0791
           MPH  86.30
     DQ     ET  1.7496
           >>> WINNER
  Left Staging FOUL
  Right 1st
  Autostart OFF

  LEFT                RIGHT
  RT       -          0.0791
  ET       DQ         1.7496
  MPH      -          86.30


--------------------------------------------------------------
10:43:19   SLIP 45
--------------------------------------------------------------
          Portatree Timing Systems        
          Championship Drag Racing        
             www.portatree.com            
          -         Entry        -
        0.00        Dial       0.00  
         LB3A        RT        0.0644
           MPH  42.85
     DQ     ET  2.9247
           >>> WINNER
  Left Staging FOUL
  Right 1st
  Autostart OFF

  LEFT                RIGHT
  RT       -          0.0644
  ET       DQ         2.9247
  MPH      -          42.85


--------------------------------------------------------------
10:44:28   SLIP 46
--------------------------------------------------------------
          Portatree Timing Systems        
          Championship Drag Racing        
             www.portatree.com            
          -         Entry        -
        0.00        Dial       0.00  
         LB3A        RT        0.2773
           MPH
     DQ     ET 64.9999
           >>> WINNER
  Left Staging FOUL
  Right 1st
  Autostart OFF

  LEFT                RIGHT
  RT       -          0.2773
  ET       DQ         64.9999
  MPH      -          -


--------------------------------------------------------------
10:45:03   SLIP 47
--------------------------------------------------------------
          Portatree Timing Systems        
          Championship Drag Racing        
             www.portatree.com            
          -         Entry        -
        0.00        Dial       0.00  
        0.1547       RT        LB3A
    50.99  MPH
    2.9067  ET    DQ
   WINNER  <<<
  Right Stage FOUL
  Left 1st
  Autostart OFF

  LEFT                RIGHT
  RT       0.1547     -
  ET       2.9067     DQ
  MPH      50.99      -


--------------------------------------------------------------
10:45:50   SLIP 48
--------------------------------------------------------------
          Portatree Timing Systems        
          Championship Drag Racing        
             www.portatree.com            
          -         Entry        -
        0.00        Dial       0.00  
         LB3A        RT        0.2401
           MPH  43.40
     DQ     ET  2.8195
           >>> WINNER
  Left Staging FOUL
  Right 1st
  Autostart OFF

  LEFT                RIGHT
  RT       -          0.2401
  ET       DQ         2.8195
  MPH      -          43.40


--------------------------------------------------------------
10:47:07   SLIP 49
--------------------------------------------------------------
          Portatree Timing Systems        
          Championship Drag Racing        
             www.portatree.com            
          -         Entry        -
        0.00        Dial       0.00  
         LB3A        RT        0.1558
           MPH  41.85
     DQ     ET  2.8777
           >>> WINNER
  Left Staging FOUL
  Right 1st
  Autostart OFF

  LEFT                RIGHT
  RT       -          0.1558
  ET       DQ         2.8777
  MPH      -          41.85


--------------------------------------------------------------
10:48:26   SLIP 50
--------------------------------------------------------------
          Portatree Timing Systems        
          Championship Drag Racing        
             www.portatree.com            
          -         Entry        -
        0.00        Dial       0.00  
        0.0522       RT        LB3A
    79.00  MPH
    1.8773  ET    DQ
   WINNER  <<<
  Right Stage FOUL
  Left 1st
  Autostart OFF

  LEFT                RIGHT
  RT       0.0522     -
  ET       1.8773     DQ
  MPH      79.00      -


--------------------------------------------------------------
10:49:31   SLIP 51
--------------------------------------------------------------
          Portatree Timing Systems        
          Championship Drag Racing        
             www.portatree.com            
          -         Entry        -
        0.00        Dial       0.00  
       -0.0335       RT       -0.0057
    62.66  MPH
    2.2869  ET 64.9999
           >>> WINNER
  Left FOUL
  Left 1st
  Autostart OFF

  LEFT                RIGHT
  RT       -          -
  ET       2.2869     64.9999
  MPH      62.66      -


--------------------------------------------------------------
10:50:45   SLIP 52
--------------------------------------------------------------
          Portatree Timing Systems        
          Championship Drag Racing        
             www.portatree.com            
          -         Entry        -
        0.00        Dial       0.00  
        0.1901       RT        0.0897
           MPH  79.74
   64.9999  ET  1.8314
           >>> WINNER
  Right 1st
  Autostart OFF

  LEFT                RIGHT
  RT       0.1901     0.0897
  ET       64.9999    1.8314
  MPH      -          79.74


--------------------------------------------------------------
10:52:36   SLIP 53
--------------------------------------------------------------
          Portatree Timing Systems        
          Championship Drag Racing        
             www.portatree.com            
          -         Entry        -
        0.00        Dial       0.00  
        0.0348       RT        LB3A
    46.73  MPH
    2.8601  ET    DQ
   WINNER  <<<
  Right Stage FOUL
  Left 1st
  Autostart OFF

  LEFT                RIGHT
  RT       0.0348     -
  ET       2.8601     DQ
  MPH      46.73      -


--------------------------------------------------------------
10:53:11   SLIP 54
--------------------------------------------------------------
          Portatree Timing Systems        
          Championship Drag Racing        
             www.portatree.com            
          -         Entry        -
        0.00        Dial       0.00  
         LB3A        RT        0.1719
           MPH
     DQ     ET 64.9999
           >>> WINNER
  Left Staging FOUL
  Right 1st
  Autostart OFF

  LEFT                RIGHT
  RT       -          0.1719
  ET       DQ         64.9999
  MPH      -          -


--------------------------------------------------------------
10:54:16   SLIP 55
--------------------------------------------------------------
          Portatree Timing Systems        
          Championship Drag Racing        
             www.portatree.com            
          -         Entry        -
        0.00        Dial       0.00  
        0.0344       RT        LB3A
    68.04  MPH
    1.9940  ET    DQ
   WINNER  <<<
  Right Stage FOUL
  Left 1st
  Autostart OFF

  LEFT                RIGHT
  RT       0.0344     -
  ET       1.9940     DQ
  MPH      68.04      -


--------------------------------------------------------------
10:55:45   SLIP 56
--------------------------------------------------------------
          Portatree Timing Systems        
          Championship Drag Racing        
             www.portatree.com            
          -         Entry        -
        0.00        Dial       0.00  
         LB3A        RT        0.2654
           MPH  86.52
     DQ     ET  1.5521
           >>> WINNER
  Left Staging FOUL
  Right 1st
  Autostart OFF

  LEFT                RIGHT
  RT       -          0.2654
  ET       DQ         1.5521
  MPH      -          86.52


--------------------------------------------------------------
10:56:36   SLIP 57
--------------------------------------------------------------
          Portatree Timing Systems        
          Championship Drag Racing        
             www.portatree.com            
          -         Entry        -
        0.00        Dial       0.00  
        0.1285       RT        LB3A
    51.22  MPH
    2.8513  ET    DQ
   WINNER  <<<
  Right Stage FOUL
  Left 1st
  Autostart OFF

  LEFT                RIGHT
  RT       0.1285     -
  ET       2.8513     DQ
  MPH      51.22      -


--------------------------------------------------------------
10:57:58   SLIP 58
--------------------------------------------------------------
          Portatree Timing Systems        
          Championship Drag Racing        
             www.portatree.com            
          -         Entry        -
        0.00        Dial       0.00  
         LB3A        RT        0.0910
           MPH  84.69
     DQ     ET  1.7257
           >>> WINNER
  Left Staging FOUL
  Right 1st
  Autostart OFF

  LEFT                RIGHT
  RT       -          0.0910
  ET       DQ         1.7257
  MPH      -          84.69


--------------------------------------------------------------
11:01:05   SLIP 59
--------------------------------------------------------------
          Portatree Timing Systems        
          Championship Drag Racing        
             www.portatree.com            
          -         Entry        -
        0.00        Dial       0.00  
         LB3A        RT        0.0453
           MPH  25.59
     DQ     ET  3.9704
           >>> WINNER
  Left Staging FOUL
  Right 1st
  Autostart OFF

  LEFT                RIGHT
  RT       -          0.0453
  ET       DQ         3.9704
  MPH      -          25.59


--------------------------------------------------------------
11:03:30   SLIP 60
--------------------------------------------------------------
          Portatree Timing Systems        
          Championship Drag Racing        
             www.portatree.com            
          -         Entry        -
        0.00        Dial       0.00  
         LB3A        RT        0.2127
           MPH  84.59
     DQ     ET  1.7333
           >>> WINNER
  Left Staging FOUL
  Right 1st
  Autostart OFF

  LEFT                RIGHT
  RT       -          0.2127
  ET       DQ         1.7333
  MPH      -          84.59


--------------------------------------------------------------
11:09:02   SLIP 61
--------------------------------------------------------------
          Portatree Timing Systems        
          Championship Drag Racing        
             www.portatree.com            
          -         Entry        -
        0.00        Dial       0.00  
         LB3A        RT        0.0140
           MPH  31.03
     DQ     ET  3.5126
           >>> WINNER
  Left Staging FOUL
  Right 1st
  Autostart OFF

  LEFT                RIGHT
  RT       -          0.0140
  ET       DQ         3.5126
  MPH      -          31.03


--------------------------------------------------------------
11:11:38   SLIP 62
--------------------------------------------------------------
          Portatree Timing Systems        
          Championship Drag Racing        
             www.portatree.com            
          -         Entry        -
        0.00        Dial       0.00  
        0.0972       RT        LB3A
    31.42  MPH
    3.6737  ET    DQ
   WINNER  <<<
  Right Stage FOUL
  Left 1st
  Autostart OFF

  LEFT                RIGHT
  RT       0.0972     -
  ET       3.6737     DQ
  MPH      31.42      -


--------------------------------------------------------------
11:12:15   SLIP 63
--------------------------------------------------------------
          Portatree Timing Systems        
          Championship Drag Racing        
             www.portatree.com            
          -         Entry        -
        0.00        Dial       0.00  
        0.0792       RT        0.1187
    31.81  MPH  31.01
    3.6538  ET  3.5150
           >>> WINNER
  Right 1st  0.0993
  Autostart OFF

  LEFT                RIGHT
  RT       0.0792     0.1187
  ET       3.6538     3.5150
  MPH      31.81      31.01


--------------------------------------------------------------
11:12:56   SLIP 64
--------------------------------------------------------------
          Portatree Timing Systems        
          Championship Drag Racing        
             www.portatree.com            
          -         Entry        -
        0.00        Dial       0.00  
        0.0301       RT        LB3A
    32.39  MPH
    3.5771  ET    DQ
   WINNER  <<<
  Right Stage FOUL
  Left 1st
  Autostart OFF

  LEFT                RIGHT
  RT       0.0301     -
  ET       3.5771     DQ
  MPH      32.39      -


--------------------------------------------------------------
11:13:31   SLIP 65
--------------------------------------------------------------
          Portatree Timing Systems        
          Championship Drag Racing        
             www.portatree.com            
          -         Entry        -
        0.00        Dial       0.00  
        0.0295       RT        LB3A
    32.77  MPH
    3.5409  ET    DQ
   WINNER  <<<
  Right Stage FOUL
  Left 1st
  Autostart OFF

  LEFT                RIGHT
  RT       0.0295     -
  ET       3.5409     DQ
  MPH      32.77      -


--------------------------------------------------------------
11:14:04   SLIP 66
--------------------------------------------------------------
          Portatree Timing Systems        
          Championship Drag Racing        
             www.portatree.com            
          -         Entry        -
        0.00        Dial       0.00  
        0.0540       RT        LB3A
    32.35  MPH
    3.5428  ET    DQ
   WINNER  <<<
  Right Stage FOUL
  Left 1st
  Autostart OFF

  LEFT                RIGHT
  RT       0.0540     -
  ET       3.5428     DQ
  MPH      32.35      -


--------------------------------------------------------------
11:14:36   SLIP 67
--------------------------------------------------------------
          Portatree Timing Systems        
          Championship Drag Racing        
             www.portatree.com            
          -         Entry        -
        0.00        Dial       0.00  
       -0.0836       RT       -0.1051
    68.94  MPH  32.57
    1.9768  ET  3.6390
   WINNER  <<<
  Right FOUL
  Left 1st  1.6407
  Autostart OFF

  LEFT                RIGHT
  RT       -          -
  ET       1.9768     3.6390
  MPH      68.94      32.57


--------------------------------------------------------------
11:15:25   SLIP 68
--------------------------------------------------------------
          Portatree Timing Systems        
          Championship Drag Racing        
             www.portatree.com            
          -         Entry        -
        0.00        Dial       0.00  
        0.0153       RT        0.1348
    32.28  MPH  18.80
    3.5573  ET  3.0903
           >>> WINNER
  Right 1st  0.3475
  Autostart OFF

  LEFT                RIGHT
  RT       0.0153     0.1348
  ET       3.5573     3.0903
  MPH      32.28      18.80


--------------------------------------------------------------
11:16:13   SLIP 69
--------------------------------------------------------------
          Portatree Timing Systems        
          Championship Drag Racing        
             www.portatree.com            
          -         Entry        -
        0.00        Dial       0.00  
        0.0136       RT        0.2688
    45.69  MPH  55.61
    2.8270  ET  2.6248
   WINNER  <<<
  Left 1st  0.0530
  Autostart OFF

  LEFT                RIGHT
  RT       0.0136     0.2688
  ET       2.8270     2.6248
  MPH      45.69      55.61


--------------------------------------------------------------
11:17:08   SLIP 70
--------------------------------------------------------------
          Portatree Timing Systems        
          Championship Drag Racing        
             www.portatree.com            
          -         Entry        -
        0.00        Dial       0.00  
        0.0392       RT        0.2445
    79.93  MPH  90.06
    1.9894  ET  1.6848
           >>> WINNER
  Right 1st  0.0993
  Autostart OFF

  LEFT                RIGHT
  RT       0.0392     0.2445
  ET       1.9894     1.6848
  MPH      79.93      90.06


--------------------------------------------------------------
11:22:45   SLIP 71
--------------------------------------------------------------
          Portatree Timing Systems        
          Championship Drag Racing        
             www.portatree.com            
          -         Entry        -
        0.00        Dial       0.00  
         LB3A        RT        0.2137
           MPH  68.45
     DQ     ET  1.6783
           >>> WINNER
  Left Staging FOUL
  Right 1st
  Autostart OFF

  LEFT                RIGHT
  RT       -          0.2137
  ET       DQ         1.6783
  MPH      -          68.45


--------------------------------------------------------------
11:26:07   SLIP 72
--------------------------------------------------------------
          Portatree Timing Systems        
          Championship Drag Racing        
             www.portatree.com            
          -         Entry        -
        0.00        Dial       0.00  
         LB3A        RT        0.0736
           MPH
     DQ     ET 64.9999
           >>> WINNER
  Left Staging FOUL
  Right 1st
  Autostart OFF

  LEFT                RIGHT
  RT       -          0.0736
  ET       DQ         64.9999
  MPH      -          -


--------------------------------------------------------------
11:26:34   SLIP 73
--------------------------------------------------------------
          Portatree Timing Systems        
          Championship Drag Racing        
             www.portatree.com            
          -         Entry        -
        0.00        Dial       0.00  
        5.2947       RT        LB3A
           MPH
   64.9999  ET    DQ
   WINNER  <<<
  Right Stage FOUL
  Right 1st
  Autostart OFF

  LEFT                RIGHT
  RT       5.2947     -
  ET       64.9999    DQ
  MPH      -          -


--------------------------------------------------------------
11:27:01   SLIP 74
--------------------------------------------------------------
          Portatree Timing Systems        
          Championship Drag Racing        
             www.portatree.com            
          -         Entry        -
        0.00        Dial       0.00  
       -0.0291       RT        LB3A
    55.65  MPH
    2.6246  ET    DQ
   WINNER  <<<
  Right Stage FOUL
  Left 1st
  Autostart OFF

  LEFT                RIGHT
  RT       -          -
  ET       2.6246     DQ
  MPH      55.65      -


--------------------------------------------------------------
11:27:43   SLIP 75
--------------------------------------------------------------
          Portatree Timing Systems        
          Championship Drag Racing        
             www.portatree.com            
          -         Entry        -
        0.00        Dial       0.00  
        0.2346       RT        LB3A
    35.32  MPH
    2.8161  ET    DQ
   WINNER  <<<
  Right Stage FOUL
  Left 1st
  Autostart OFF

  LEFT                RIGHT
  RT       0.2346     -
  ET       2.8161     DQ
  MPH      35.32      -


--------------------------------------------------------------
11:28:29   SLIP 76
--------------------------------------------------------------
          Portatree Timing Systems        
          Championship Drag Racing        
             www.portatree.com            
          -         Entry        -
        0.00        Dial       0.00  
         LB3A        RT        0.0501
           MPH  83.65
     DQ     ET  1.7587
           >>> WINNER
  Left Staging FOUL
  Right 1st
  Autostart OFF

  LEFT                RIGHT
  RT       -          0.0501
  ET       DQ         1.7587
  MPH      -          83.65


--------------------------------------------------------------
11:30:47   SLIP 77
--------------------------------------------------------------
          Portatree Timing Systems        
          Championship Drag Racing        
             www.portatree.com            
          -         Entry        -
        0.00        Dial       0.00  
         LB3A        RT        0.0669
           MPH  50.35
     DQ     ET  2.8775
           >>> WINNER
  Left Staging FOUL
  Right 1st
  Autostart OFF

  LEFT                RIGHT
  RT       -          0.0669
  ET       DQ         2.8775
  MPH      -          50.35


--------------------------------------------------------------
11:32:13   SLIP 78
--------------------------------------------------------------
          Portatree Timing Systems        
          Championship Drag Racing        
             www.portatree.com            
          -         Entry        -
        0.00        Dial       0.00  
         LB3A        RT        0.0347
           MPH  50.28
     DQ     ET  2.8846
           >>> WINNER
  Left Staging FOUL
  Right 1st
  Autostart OFF

  LEFT                RIGHT
  RT       -          0.0347
  ET       DQ         2.8846
  MPH      -          50.28


--------------------------------------------------------------
11:33:26   SLIP 79
--------------------------------------------------------------
          Portatree Timing Systems        
          Championship Drag Racing        
             www.portatree.com            
          -         Entry        -
        0.00        Dial       0.00  
         LB3A        RT        0.0203
           MPH  62.78
     DQ     ET  2.2224
           >>> WINNER
  Left Staging FOUL
  Right 1st
  Autostart OFF

  LEFT                RIGHT
  RT       -          0.0203
  ET       DQ         2.2224
  MPH      -          62.78


--------------------------------------------------------------
11:34:58   SLIP 80
--------------------------------------------------------------
          Portatree Timing Systems        
          Championship Drag Racing        
             www.portatree.com            
          -         Entry        -
        0.00        Dial       0.00  
         LB3A        RT        0.2315
           MPH  40.87
     DQ     ET  2.9240
           >>> WINNER
  Left Staging FOUL
  Right 1st
  Autostart OFF

  LEFT                RIGHT
  RT       -          0.2315
  ET       DQ         2.9240
  MPH      -          40.87


--------------------------------------------------------------
11:36:25   SLIP 81
--------------------------------------------------------------
          Portatree Timing Systems        
          Championship Drag Racing        
             www.portatree.com            
          -         Entry        -
        0.00        Dial       0.00  
         LB3A        RT        0.1379
           MPH
     DQ     ET 64.9999
           >>> WINNER
  Left Staging FOUL
  Right 1st
  Autostart OFF

  LEFT                RIGHT
  RT       -          0.1379
  ET       DQ         64.9999
  MPH      -          -


--------------------------------------------------------------
11:36:46   SLIP 82
--------------------------------------------------------------
          Portatree Timing Systems        
          Championship Drag Racing        
             www.portatree.com            
          -         Entry        -
        0.00        Dial       0.00  
         LB3A        RT        0.2747
           MPH
     DQ     ET 64.9999
           >>> WINNER
  Left Staging FOUL
  Right 1st
  Autostart OFF

  LEFT                RIGHT
  RT       -          0.2747
  ET       DQ         64.9999
  MPH      -          -


--------------------------------------------------------------
11:37:08   SLIP 83
--------------------------------------------------------------
          Portatree Timing Systems        
          Championship Drag Racing        
             www.portatree.com            
          -         Entry        -
        0.00        Dial       0.00  
        0.0588       RT        LB3A
    41.09  MPH
    2.7021  ET    DQ
   WINNER  <<<
  Right Stage FOUL
  Left 1st
  Autostart OFF

  LEFT                RIGHT
  RT       0.0588     -
  ET       2.7021     DQ
  MPH      41.09      -


--------------------------------------------------------------
11:37:49   SLIP 84
--------------------------------------------------------------
          Portatree Timing Systems        
          Championship Drag Racing        
             www.portatree.com            
          -         Entry        -
        0.00        Dial       0.00  
         LB3A        RT        0.1902
           MPH  56.25
     DQ     ET  2.3517
           >>> WINNER
  Left Staging FOUL
  Right 1st
  Autostart OFF

  LEFT                RIGHT
  RT       -          0.1902
  ET       DQ         2.3517
  MPH      -          56.25


--------------------------------------------------------------
11:40:04   SLIP 85
--------------------------------------------------------------
          Portatree Timing Systems        
          Championship Drag Racing        
             www.portatree.com            
          -         Entry        -
        0.00        Dial       0.00  
         LB3A        RT        0.4620
           MPH  20.96
     DQ     ET  5.4121
           >>> WINNER
  Left Staging FOUL
  Right 1st
  Autostart OFF

  LEFT                RIGHT
  RT       -          0.4620
  ET       DQ         5.4121
  MPH      -          20.96


--------------------------------------------------------------
11:41:46   SLIP 86
--------------------------------------------------------------
          Portatree Timing Systems        
          Championship Drag Racing        
             www.portatree.com            
          -         Entry        -
        0.00        Dial       0.00  
         LB3A        RT        0.0734
           MPH  84.17
     DQ     ET  1.5960
           >>> WINNER
  Left Staging FOUL
  Right 1st
  Autostart OFF

  LEFT                RIGHT
  RT       -          0.0734
  ET       DQ         1.5960
  MPH      -          84.17


--------------------------------------------------------------
11:42:28   SLIP 87
--------------------------------------------------------------
          Portatree Timing Systems        
          Championship Drag Racing        
             www.portatree.com            
          -         Entry        -
        0.00        Dial       0.00  
        0.2247       RT        LB3A
    68.18  MPH
    1.9718  ET    DQ
   WINNER  <<<
  Right Stage FOUL
  Left 1st
  Autostart OFF

  LEFT                RIGHT
  RT       0.2247     -
  ET       1.9718     DQ
  MPH      68.18      -


--------------------------------------------------------------
11:44:37   SLIP 88
--------------------------------------------------------------
          Portatree Timing Systems        
          Championship Drag Racing        
             www.portatree.com            
          -         Entry        -
        0.00        Dial       0.00  
         LB3A        RT        0.0779
           MPH  14.79
     DQ     ET  4.6424
           >>> WINNER
  Left Staging FOUL
  Right 1st
  Autostart OFF

  LEFT                RIGHT
  RT       -          0.0779
  ET       DQ         4.6424
  MPH      -          14.79


--------------------------------------------------------------
11:47:51   SLIP 89
--------------------------------------------------------------
          Portatree Timing Systems        
          Championship Drag Racing        
             www.portatree.com            
          -         Entry        -
        0.00        Dial       0.00  
         LB3A        RT        0.1299
           MPH  56.11
     DQ     ET  2.6637
           >>> WINNER
  Left Staging FOUL
  Right 1st
  Autostart OFF

  LEFT                RIGHT
  RT       -          0.1299
  ET       DQ         2.6637
  MPH      -          56.11


--------------------------------------------------------------
11:50:47   SLIP 90
--------------------------------------------------------------
          Portatree Timing Systems        
          Championship Drag Racing        
             www.portatree.com            
          -         Entry        -
        0.00        Dial       0.00  
         LB3A        RT        0.1241
           MPH
     DQ     ET 64.9999
           >>> WINNER
  Left Staging FOUL
  Right 1st
  Autostart OFF

  LEFT                RIGHT
  RT       -          0.1241
  ET       DQ         64.9999
  MPH      -          -


--------------------------------------------------------------
11:53:55   SLIP 91
--------------------------------------------------------------
          Portatree Timing Systems        
          Championship Drag Racing        
             www.portatree.com            
          -         Entry        -
        0.00        Dial       0.00  
         LB3A        RT       -0.0480
           MPH  19.64
     DQ     ET  3.7330
           >>> WINNER
  Left Staging FOUL
  Right 1st
  Autostart OFF

  LEFT                RIGHT
  RT       -          -
  ET       DQ         3.7330
  MPH      -          19.64


--------------------------------------------------------------
11:54:37   SLIP 92
--------------------------------------------------------------
          Portatree Timing Systems        
          Championship Drag Racing        
             www.portatree.com            
          -         Entry        -
        0.00        Dial       0.00  
         LB3A        RT        0.0522
           MPH  85.54
     DQ     ET  1.6378
           >>> WINNER
  Left Staging FOUL
  Right 1st
  Autostart OFF

  LEFT                RIGHT
  RT       -          0.0522
  ET       DQ         1.6378
  MPH      -          85.54


--------------------------------------------------------------
11:55:14   SLIP 93
--------------------------------------------------------------
          Portatree Timing Systems        
          Championship Drag Racing        
             www.portatree.com            
          -         Entry        -
        0.00        Dial       0.00  
         LB3A        RT        0.1688
           MPH  75.50
     DQ     ET  1.6833
           >>> WINNER
  Left Staging FOUL
  Right 1st
  Autostart OFF

  LEFT                RIGHT
  RT       -          0.1688
  ET       DQ         1.6833
  MPH      -          75.50


--------------------------------------------------------------
11:56:02   SLIP 94
--------------------------------------------------------------
          Portatree Timing Systems        
          Championship Drag Racing        
             www.portatree.com            
          -         Entry        -
        0.00        Dial       0.00  
         LB3A        RT        0.1446
           MPH  22.00
     DQ     ET  3.6722
           >>> WINNER
  Left Staging FOUL
  Right 1st
  Autostart OFF

  LEFT                RIGHT
  RT       -          0.1446
  ET       DQ         3.6722
  MPH      -          22.00


--------------------------------------------------------------
11:56:54   SLIP 95
--------------------------------------------------------------
          Portatree Timing Systems        
          Championship Drag Racing        
             www.portatree.com            
          -         Entry        -
        0.00        Dial       0.00  
         LB3A        RT        0.3638
           MPH  82.74
     DQ     ET  1.5466
           >>> WINNER
  Left Staging FOUL
  Right 1st
  Autostart OFF

  LEFT                RIGHT
  RT       -          0.3638
  ET       DQ         1.5466
  MPH      -          82.74


--------------------------------------------------------------
11:59:09   SLIP 96
--------------------------------------------------------------
          Portatree Timing Systems        
          Championship Drag Racing        
             www.portatree.com            
          -         Entry        -
        0.00        Dial       0.00  
         LB3A        RT        0.2043
           MPH  51.80
     DQ     ET  2.0760
           >>> WINNER
  Left Staging FOUL
  Right 1st
  Autostart OFF

  LEFT                RIGHT
  RT       -          0.2043
  ET       DQ         2.0760
  MPH      -          51.80


--------------------------------------------------------------
11:59:41   SLIP 97
--------------------------------------------------------------
          Portatree Timing Systems        
          Championship Drag Racing        
             www.portatree.com            
          -         Entry        -
        0.00        Dial       0.00  
        0.0997       RT        LB3A
    55.74  MPH
    2.6959  ET    DQ
   WINNER  <<<
  Right Stage FOUL
  Left 1st
  Autostart OFF

  LEFT                RIGHT
  RT       0.0997     -
  ET       2.6959     DQ
  MPH      55.74      -


--------------------------------------------------------------
12:01:00   SLIP 98
--------------------------------------------------------------
          Portatree Timing Systems        
          Championship Drag Racing        
             www.portatree.com            
          -         Entry        -
        0.00        Dial       0.00  
       -0.0262       RT        0.0761
    69.57  MPH  49.29
    1.9480  ET  3.0486
           >>> WINNER
  Left FOUL
  Left 1st  1.2029
  Autostart OFF

  LEFT                RIGHT
  RT       -          0.0761
  ET       1.9480     3.0486
  MPH      69.57      49.29


--------------------------------------------------------------
12:02:35   SLIP 99
--------------------------------------------------------------
          Portatree Timing Systems        
          Championship Drag Racing        
             www.portatree.com            
          -         Entry        -
        0.00        Dial       0.00  
         LB3A        RT        0.0306
           MPH  90.66
     DQ     ET  1.4705
           >>> WINNER
  Left Staging FOUL
  Right 1st
  Autostart OFF

  LEFT                RIGHT
  RT       -          0.0306
  ET       DQ         1.4705
  MPH      -          90.66


--------------------------------------------------------------
12:03:14   SLIP 100
--------------------------------------------------------------
          Portatree Timing Systems        
          Championship Drag Racing        
             www.portatree.com            
          -         Entry        -
        0.00        Dial       0.00  
        0.0294       RT        LB3A
    29.76  MPH
    3.8316  ET    DQ
   WINNER  <<<
  Right Stage FOUL
  Left 1st
  Autostart OFF

  LEFT                RIGHT
  RT       0.0294     -
  ET       3.8316     DQ
  MPH      29.76      -


--------------------------------------------------------------
12:03:57   SLIP 101
--------------------------------------------------------------
          Portatree Timing Systems        
          Championship Drag Racing        
             www.portatree.com            
          -         Entry        -
        0.00        Dial       0.00  
        0.0331       RT        LB3A
    30.87  MPH
    3.7276  ET    DQ
   WINNER  <<<
  Right Stage FOUL
  Left 1st
  Autostart OFF

  LEFT                RIGHT
  RT       0.0331     -
  ET       3.7276     DQ
  MPH      30.87      -


--------------------------------------------------------------
12:04:54   SLIP 102
--------------------------------------------------------------
          Portatree Timing Systems        
          Championship Drag Racing        
             www.portatree.com            
          -         Entry        -
        0.00        Dial       0.00  
        0.1234       RT        LB3A
    30.07  MPH
    3.6518  ET    DQ
   WINNER  <<<
  Right Stage FOUL
  Left 1st
  Autostart OFF

  LEFT                RIGHT
  RT       0.1234     -
  ET       3.6518     DQ
  MPH      30.07      -


--------------------------------------------------------------
12:06:05   SLIP 103
--------------------------------------------------------------
          Portatree Timing Systems        
          Championship Drag Racing        
             www.portatree.com            
          -         Entry        -
        0.00        Dial       0.00  
         LB3A        RT        0.1150
           MPH
     DQ     ET 64.9999
           >>> WINNER
  Left Staging FOUL
  Right 1st
  Autostart OFF

  LEFT                RIGHT
  RT       -          0.1150
  ET       DQ         64.9999
  MPH      -          -


--------------------------------------------------------------
12:06:35   SLIP 104
--------------------------------------------------------------
          Portatree Timing Systems        
          Championship Drag Racing        
             www.portatree.com            
          -         Entry        -
        0.00        Dial       0.00  
       -0.0845       RT        0.0886
    27.16  MPH  86.08
    3.6877  ET  1.8447
           >>> WINNER
  Left FOUL
  Right 1st  1.6699
  Autostart OFF

  LEFT                RIGHT
  RT       -          0.0886
  ET       3.6877     1.8447
  MPH      27.16      86.08


--------------------------------------------------------------
12:07:31   SLIP 105
--------------------------------------------------------------
          Portatree Timing Systems        
          Championship Drag Racing        
             www.portatree.com            
          -         Entry        -
        0.00        Dial       0.00  
        0.4733       RT        LB3A
           MPH
   64.9999  ET    DQ
   WINNER  <<<
  Right Stage FOUL
  Right 1st
  Autostart OFF

  LEFT                RIGHT
  RT       0.4733     -
  ET       64.9999    DQ
  MPH      -          -


--------------------------------------------------------------
12:08:13   SLIP 106
--------------------------------------------------------------
          Portatree Timing Systems        
          Championship Drag Racing        
             www.portatree.com            
          -         Entry        -
        0.00        Dial       0.00  
         LB3A        RT        0.1861
           MPH
     DQ     ET 64.9999
           >>> WINNER
  Left Staging FOUL
  Right 1st
  Autostart OFF

  LEFT                RIGHT
  RT       -          0.1861
  ET       DQ         64.9999
  MPH      -          -


--------------------------------------------------------------
12:09:09   SLIP 107
--------------------------------------------------------------
          Portatree Timing Systems        
          Championship Drag Racing        
             www.portatree.com            
          -         Entry        -
        0.00        Dial       0.00  
         LB3A        RT        0.1945
           MPH  92.89
     DQ     ET  1.6441
           >>> WINNER
  Left Staging FOUL
  Right 1st
  Autostart OFF

  LEFT                RIGHT
  RT       -          0.1945
  ET       DQ         1.6441
  MPH      -          92.89


--------------------------------------------------------------
12:09:57   SLIP 108
--------------------------------------------------------------
          Portatree Timing Systems        
          Championship Drag Racing        
             www.portatree.com            
          -         Entry        -
        0.00        Dial       0.00  
       -0.0219       RT        0.2737
    31.72  MPH  46.31
    3.6902  ET  3.4540
           >>> WINNER
  Left FOUL
  Left 1st  0.0594
  Autostart OFF

  LEFT                RIGHT
  RT       -          0.2737
  ET       3.6902     3.4540
  MPH      31.72      46.31


--------------------------------------------------------------
12:11:12   SLIP 109
--------------------------------------------------------------
          Portatree Timing Systems        
          Championship Drag Racing        
             www.portatree.com            
          -         Entry        -
        0.00        Dial       0.00  
        0.0081       RT        LB3A
    26.61  MPH
    3.7149  ET    DQ
   WINNER  <<<
  Right Stage FOUL
  Left 1st
  Autostart OFF

  LEFT                RIGHT
  RT       0.0081     -
  ET       3.7149     DQ
  MPH      26.61      -


--------------------------------------------------------------
12:12:12   SLIP 110
--------------------------------------------------------------
          Portatree Timing Systems        
          Championship Drag Racing        
             www.portatree.com            
          -         Entry        -
        0.00        Dial       0.00  
        0.0332       RT        LB3A
    30.22  MPH
    3.6264  ET    DQ
   WINNER  <<<
  Right Stage FOUL
  Left 1st
  Autostart OFF

  LEFT                RIGHT
  RT       0.0332     -
  ET       3.6264     DQ
  MPH      30.22      -


--------------------------------------------------------------
12:13:03   SLIP 111
--------------------------------------------------------------
          Portatree Timing Systems        
          Championship Drag Racing        
             www.portatree.com            
          -         Entry        -
        0.00        Dial       0.00  
         LB3A        RT        0.4593
           MPH  93.14
     DQ     ET  1.4864
           >>> WINNER
  Left Staging FOUL
  Right 1st
  Autostart OFF

  LEFT                RIGHT
  RT       -          0.4593
  ET       DQ         1.4864
  MPH      -          93.14


--------------------------------------------------------------
12:14:50   SLIP 112
--------------------------------------------------------------
          Portatree Timing Systems        
          Championship Drag Racing        
             www.portatree.com            
          -         Entry        -
        0.00        Dial       0.00  
        0.1350       RT        LB3A
    24.84  MPH
    3.7267  ET    DQ
   WINNER  <<<
  Right Stage FOUL
  Left 1st
  Autostart OFF

  LEFT                RIGHT
  RT       0.1350     -
  ET       3.7267     DQ
  MPH      24.84      -


--------------------------------------------------------------
12:15:32   SLIP 113
--------------------------------------------------------------
          Portatree Timing Systems        
          Championship Drag Racing        
             www.portatree.com            
          -         Entry        -
        0.00        Dial       0.00  
         LB3A        RT        0.2250
           MPH  87.63
     DQ     ET  1.7620
           >>> WINNER
  Left Staging FOUL
  Right 1st
  Autostart OFF

  LEFT                RIGHT
  RT       -          0.2250
  ET       DQ         1.7620
  MPH      -          87.63


--------------------------------------------------------------
12:16:06   SLIP 114
--------------------------------------------------------------
          Portatree Timing Systems        
          Championship Drag Racing        
             www.portatree.com            
          -         Entry        -
        0.00        Dial       0.00  
        0.0312       RT        0.0745
    45.27  MPH  56.44
    2.8458  ET  2.6698
           >>> WINNER
  Right 1st  0.1327
  Autostart OFF

  LEFT                RIGHT
  RT       0.0312     0.0745
  ET       2.8458     2.6698
  MPH      45.27      56.44


--------------------------------------------------------------
12:16:59   SLIP 115
--------------------------------------------------------------
          Portatree Timing Systems        
          Championship Drag Racing        
             www.portatree.com            
          -         Entry        -
        0.00        Dial       0.00  
        0.3048       RT        0.0258
    10.04  MPH  83.35
    4.4338  ET  1.8667
           >>> WINNER
  Right 1st  2.8461
  Autostart OFF

  LEFT                RIGHT
  RT       0.3048     0.0258
  ET       4.4338     1.8667
  MPH      10.04      83.35


--------------------------------------------------------------
12:18:25   SLIP 116
--------------------------------------------------------------
          Portatree Timing Systems        
          Championship Drag Racing        
             www.portatree.com            
          -         Entry        -
        0.00        Dial       0.00  
        0.1555       RT        LB3A
    28.87  MPH
    3.6460  ET    DQ
   WINNER  <<<
  Right Stage FOUL
  Left 1st
  Autostart OFF

  LEFT                RIGHT
  RT       0.1555     -
  ET       3.6460     DQ
  MPH      28.87      -


--------------------------------------------------------------
12:19:01   SLIP 117
--------------------------------------------------------------
          Portatree Timing Systems        
          Championship Drag Racing        
             www.portatree.com            
          -         Entry        -
        0.00        Dial       0.00  
        0.2526       RT        LB3A
    17.43  MPH
    3.3310  ET    DQ
   WINNER  <<<
  Right Stage FOUL
  Left 1st
  Autostart OFF

  LEFT                RIGHT
  RT       0.2526     -
  ET       3.3310     DQ
  MPH      17.43      -


--------------------------------------------------------------
12:19:47   SLIP 118
--------------------------------------------------------------
          Portatree Timing Systems        
          Championship Drag Racing        
             www.portatree.com            
          -         Entry        -
        0.00        Dial       0.00  
       -0.0035       RT        LB3A
    21.23  MPH
    3.7998  ET    DQ
   WINNER  <<<
  Right Stage FOUL
  Left 1st
  Autostart OFF

  LEFT                RIGHT
  RT       -          -
  ET       3.7998     DQ
  MPH      21.23      -


--------------------------------------------------------------
12:20:48   SLIP 119
--------------------------------------------------------------
          Portatree Timing Systems        
          Championship Drag Racing        
             www.portatree.com            
          -         Entry        -
        0.00        Dial       0.00  
        0.1161       RT        0.0393
    73.31  MPH  83.14
    1.9237  ET  1.5665
           >>> WINNER
  Right 1st  0.4340
  Autostart OFF

  LEFT                RIGHT
  RT       0.1161     0.0393
  ET       1.9237     1.5665
  MPH      73.31      83.14


--------------------------------------------------------------
12:21:51   SLIP 120
--------------------------------------------------------------
          Portatree Timing Systems        
          Championship Drag Racing        
             www.portatree.com            
          -         Entry        -
        0.00        Dial       0.00  
        0.0429       RT       -0.1527
    26.73  MPH  87.63
    3.7070  ET  1.8278
   WINNER  <<<
  Right FOUL
  Right 1st  2.0748
  Autostart OFF

  LEFT                RIGHT
  RT       0.0429     -
  ET       3.7070     1.8278
  MPH      26.73      87.63


--------------------------------------------------------------
12:22:56   SLIP 121
--------------------------------------------------------------
          Portatree Timing Systems        
          Championship Drag Racing        
             www.portatree.com            
          -         Entry        -
        0.00        Dial       0.00  
        0.0148       RT        LB3A
    31.62  MPH
    3.5796  ET    DQ
   WINNER  <<<
  Right Stage FOUL
  Left 1st
  Autostart OFF

  LEFT                RIGHT
  RT       0.0148     -
  ET       3.5796     DQ
  MPH      31.62      -


--------------------------------------------------------------
12:23:27   SLIP 122
--------------------------------------------------------------
          Portatree Timing Systems        
          Championship Drag Racing        
             www.portatree.com            
          -         Entry        -
        0.00        Dial       0.00  
        0.0392       RT        0.2498
    33.14  MPH  59.03
    3.4957  ET  2.4776
           >>> WINNER
  Right 1st  0.8075
  Autostart OFF

  LEFT                RIGHT
  RT       0.0392     0.2498
  ET       3.4957     2.4776
  MPH      33.14      59.03


--------------------------------------------------------------
12:24:11   SLIP 123
--------------------------------------------------------------
          Portatree Timing Systems        
          Championship Drag Racing        
             www.portatree.com            
          -         Entry        -
        0.00        Dial       0.00  
        0.0701       RT       -0.0544
    32.76  MPH  30.62
    3.5010  ET  3.6282
   WINNER  <<<
  Right FOUL
  Left 1st  0.0027
  Autostart OFF

  LEFT                RIGHT
  RT       0.0701     -
  ET       3.5010     3.6282
  MPH      32.76      30.62


--------------------------------------------------------------
12:24:51   SLIP 124
--------------------------------------------------------------
          Portatree Timing Systems        
          Championship Drag Racing        
             www.portatree.com            
          -         Entry        -
        0.00        Dial       0.00  
        0.0279       RT        0.2274
    33.01  MPH  93.01
    3.5093  ET  1.6439
           >>> WINNER
  Right 1st  1.6659
  Autostart OFF

  LEFT                RIGHT
  RT       0.0279     0.2274
  ET       3.5093     1.6439
  MPH      33.01      93.01


--------------------------------------------------------------
12:25:36   SLIP 125
--------------------------------------------------------------
          Portatree Timing Systems        
          Championship Drag Racing        
             www.portatree.com            
          -         Entry        -
        0.00        Dial       0.00  
         LB3A        RT        0.1851
           MPH  47.61
     DQ     ET  3.4610
           >>> WINNER
  Left Staging FOUL
  Right 1st
  Autostart OFF

  LEFT                RIGHT
  RT       -          0.1851
  ET       DQ         3.4610
  MPH      -          47.61


--------------------------------------------------------------
12:26:22   SLIP 126
--------------------------------------------------------------
          Portatree Timing Systems        
          Championship Drag Racing        
             www.portatree.com            
          -         Entry        -
        0.00        Dial       0.00  
        0.3070       RT        LB3A
    83.86  MPH
    1.7092  ET    DQ
   WINNER  <<<
  Right Stage FOUL
  Left 1st
  Autostart OFF

  LEFT                RIGHT
  RT       0.3070     -
  ET       1.7092     DQ
  MPH      83.86      -


--------------------------------------------------------------
12:26:55   SLIP 127
--------------------------------------------------------------
          Portatree Timing Systems        
          Championship Drag Racing        
             www.portatree.com            
          -         Entry        -
        0.00        Dial       0.00  
         LB3A        RT        0.1309
           MPH  56.39
     DQ     ET  2.3603
           >>> WINNER
  Left Staging FOUL
  Right 1st
  Autostart OFF

  LEFT                RIGHT
  RT       -          0.1309
  ET       DQ         2.3603
  MPH      -          56.39


--------------------------------------------------------------
12:28:36   SLIP 128
--------------------------------------------------------------
          Portatree Timing Systems        
          Championship Drag Racing        
             www.portatree.com            
          -         Entry        -
        0.00        Dial       0.00  
       -0.0252       RT        LB3A
    92.63  MPH
    1.4321  ET    DQ
   WINNER  <<<
  Right Stage FOUL
  Left 1st
  Autostart OFF

  LEFT                RIGHT
  RT       -          -
  ET       1.4321     DQ
  MPH      92.63      -


--------------------------------------------------------------
12:34:54   SLIP 129
--------------------------------------------------------------
          Portatree Timing Systems        
          Championship Drag Racing        
             www.portatree.com            
          -         Entry        -
        0.00        Dial       0.00  
         LB3A        RT        0.9193
           MPH  50.65
     DQ     ET  2.3984
           >>> WINNER
  Left Staging FOUL
  Right 1st
  Autostart OFF

  LEFT                RIGHT
  RT       -          0.9193
  ET       DQ         2.3984
  MPH      -          50.65


--------------------------------------------------------------
12:35:44   SLIP 130
--------------------------------------------------------------
          Portatree Timing Systems        
          Championship Drag Racing        
             www.portatree.com            
          -         Entry        -
        0.00        Dial       0.00  
        1.0673       RT        LB3A
    89.36  MPH
    1.7150  ET    DQ
   WINNER  <<<
  Right Stage FOUL
  Left 1st
  Autostart OFF

  LEFT                RIGHT
  RT       1.0673     -
  ET       1.7150     DQ
  MPH      89.36      -


--------------------------------------------------------------
12:40:41   SLIP 131
--------------------------------------------------------------
          Portatree Timing Systems        
          Championship Drag Racing        
             www.portatree.com            
          -         Entry        -
        0.00        Dial       0.00  
        1.0213       RT        LB3A
    77.21  MPH
    1.8643  ET    DQ
   WINNER  <<<
  Right Stage FOUL
  Left 1st
  Autostart OFF

  LEFT                RIGHT
  RT       1.0213     -
  ET       1.8643     DQ
  MPH      77.21      -


--------------------------------------------------------------
12:41:08   SLIP 132
--------------------------------------------------------------
          Portatree Timing Systems        
          Championship Drag Racing        
             www.portatree.com            
          -         Entry        -
        0.00        Dial       0.00  
         LB3A        RT        1.0644
           MPH  35.94
     DQ     ET  3.4493
           >>> WINNER
  Left Staging FOUL
  Right 1st
  Autostart OFF

  LEFT                RIGHT
  RT       -          1.0644
  ET       DQ         3.4493
  MPH      -          35.94


--------------------------------------------------------------
12:42:32   SLIP 133
--------------------------------------------------------------
          Portatree Timing Systems        
          Championship Drag Racing        
             www.portatree.com            
          -         Entry        -
        0.00        Dial       0.00  
         LB3A        RT        0.4515
           MPH
     DQ     ET 64.9999
           >>> WINNER
  Left Staging FOUL
  Right 1st
  Autostart OFF

  LEFT                RIGHT
  RT       -          0.4515
  ET       DQ         64.9999
  MPH      -          -


--------------------------------------------------------------
12:42:52   SLIP 134
--------------------------------------------------------------
          Portatree Timing Systems        
          Championship Drag Racing        
             www.portatree.com            
          -         Entry        -
        0.00        Dial       0.00  
        0.4154       RT        LB3A
    33.09  MPH
    3.5406  ET    DQ
   WINNER  <<<
  Right Stage FOUL
  Left 1st
  Autostart OFF

  LEFT                RIGHT
  RT       0.4154     -
  ET       3.5406     DQ
  MPH      33.09      -


--------------------------------------------------------------
12:43:17   SLIP 135
--------------------------------------------------------------
          Portatree Timing Systems        
          Championship Drag Racing        
             www.portatree.com            
          -         Entry        -
        0.00        Dial       0.00  
        0.3068       RT        LB3A
    33.06  MPH
    3.5257  ET    DQ
   WINNER  <<<
  Right Stage FOUL
  Left 1st
  Autostart OFF

  LEFT                RIGHT
  RT       0.3068     -
  ET       3.5257     DQ
  MPH      33.06      -


--------------------------------------------------------------
12:44:35   SLIP 136
--------------------------------------------------------------
          Portatree Timing Systems        
          Championship Drag Racing        
             www.portatree.com            
          -         Entry        -
        0.00        Dial       0.00  
         LB3A        RT        0.8186
           MPH  85.22
     DQ     ET  1.7046
           >>> WINNER
  Left Staging FOUL
  Right 1st
  Autostart OFF

  LEFT                RIGHT
  RT       -          0.8186
  ET       DQ         1.7046
  MPH      -          85.22


--------------------------------------------------------------
12:45:53   SLIP 137
--------------------------------------------------------------
          Portatree Timing Systems        
          Championship Drag Racing        
             www.portatree.com            
          -         Entry        -
        0.00        Dial       0.00  
        0.6309       RT        LB3A
    75.58  MPH
    2.6723  ET    DQ
   WINNER  <<<
  Right Stage FOUL
  Left 1st
  Autostart OFF

  LEFT                RIGHT
  RT       0.6309     -
  ET       2.6723     DQ
  MPH      75.58      -


--------------------------------------------------------------
12:46:47   SLIP 138
--------------------------------------------------------------
          Portatree Timing Systems        
          Championship Drag Racing        
             www.portatree.com            
          -         Entry        -
        0.00        Dial       0.00  
         LB3A        RT        0.6659
           MPH  90.78
     DQ     ET  1.6734
           >>> WINNER
  Left Staging FOUL
  Right 1st
  Autostart OFF

  LEFT                RIGHT
  RT       -          0.6659
  ET       DQ         1.6734
  MPH      -          90.78


--------------------------------------------------------------
12:52:14   SLIP 139
--------------------------------------------------------------
          Portatree Timing Systems        
          Championship Drag Racing        
             www.portatree.com            
          -         Entry        -
        0.00        Dial       0.00  
         LB3A        RT        0.8243
           MPH  40.10
     DQ     ET  3.0180
           >>> WINNER
  Left Staging FOUL
  Right 1st
  Autostart OFF

  LEFT                RIGHT
  RT       -          0.8243
  ET       DQ         3.0180
  MPH      -          40.10


--------------------------------------------------------------
12:53:27   SLIP 140
--------------------------------------------------------------
          Portatree Timing Systems        
          Championship Drag Racing        
             www.portatree.com            
          -         Entry        -
        0.00        Dial       0.00  
        0.8896       RT        LB3A
    80.97  MPH
    1.8717  ET    DQ
   WINNER  <<<
  Right Stage FOUL
  Left 1st
  Autostart OFF

  LEFT                RIGHT
  RT       0.8896     -
  ET       1.8717     DQ
  MPH      80.97      -


--------------------------------------------------------------
12:54:14   SLIP 141
--------------------------------------------------------------
          Portatree Timing Systems        
          Championship Drag Racing        
             www.portatree.com            
          -         Entry        -
        0.00        Dial       0.00  
        0.6385       RT        LB3A
    81.26  MPH
    1.7112  ET    DQ
   WINNER  <<<
  Right Stage FOUL
  Left 1st
  Autostart OFF

  LEFT                RIGHT
  RT       0.6385     -
  ET       1.7112     DQ
  MPH      81.26      -

  RC Drag Manager: brett farnell vs James Lowday [DYO RR1]
  RC Drag Manager: test vs test 2 [testing RR1]

--------------------------------------------------------------
13:01:04   SLIP 142
--------------------------------------------------------------
          Portatree Timing Systems        
          Championship Drag Racing        
             www.portatree.com            
          -         Entry        -
        0.00        Dial       0.00  
         LB3A        RT        0.6561
           MPH  86.08
     DQ     ET  1.7322
           >>> WINNER
  Left Staging FOUL
  Right 1st
  Autostart OFF

  LEFT                RIGHT
  RT       -          0.6561
  ET       DQ         1.7322
  MPH      -          86.08


--------------------------------------------------------------
13:02:41   SLIP 143
--------------------------------------------------------------
          Portatree Timing Systems        
          Championship Drag Racing        
             www.portatree.com            
          -         Entry        -
        0.00        Dial       0.00  
        0.4231       RT        LB3A
    82.84  MPH
    1.7841  ET    DQ
   WINNER  <<<
  Right Stage FOUL
  Left 1st
  Autostart OFF

  LEFT                RIGHT
  RT       0.4231     -
  ET       1.7841     DQ
  MPH      82.84      -

  Winner picked. Holding the result on the stream for 15 seconds.
  RC Drag Manager: Ben vs James Lowday [DYO RR1]

--------------------------------------------------------------
13:06:51   SLIP 144
--------------------------------------------------------------
          Portatree Timing Systems        
          Championship Drag Racing        
             www.portatree.com            
          -         Entry        -
        3.48        Dial       3.96  
          NT         RT        0.7169
           MPH  16.43
    0.0000  ET  6.3476
           >>> WINNER
  Right 1st
  Autostart OFF

  LEFT                RIGHT
  RT       -          0.7169
  ET       0.0000     6.3476
  MPH      -          16.43


--------------------------------------------------------------
13:07:58   SLIP 145
--------------------------------------------------------------
          Portatree Timing Systems        
          Championship Drag Racing        
             www.portatree.com            
          -         Entry        -
        3.48        Dial       3.96  
        0.3564       RT        0.4530
    31.71  MPH  25.44
    3.6013  ET  4.2901
           >>> WINNER
  Left FOUL
  Left 1st  0.3054
  Autostart OFF

  LEFT                RIGHT
  RT       0.3564     0.4530
  ET       3.6013     4.2901
  MPH      31.71      25.44

  Winner picked. Holding the result on the stream for 15 seconds.
  RC Drag Manager: Ben vs James Lowday [DYO RR1]

--------------------------------------------------------------
13:09:54   SLIP 146
--------------------------------------------------------------
          Portatree Timing Systems        
          Championship Drag Racing        
             www.portatree.com            
          -         Entry        -
        3.50        Dial       2.82  
        0.4716       RT        0.3116
    22.75  MPH  42.96
    3.8842  ET  4.3638
   WINNER  <<<
  Right FOUL
  Left 1st  0.9996
  Autostart OFF

  LEFT                RIGHT
  RT       0.4716     0.3116
  ET       3.8842     4.3638
  MPH      22.75      42.96

  Winner picked. Holding the result on the stream for 15 seconds.
  RC Drag Manager: brett farnell vs James Lowday [DYO RR1]

--------------------------------------------------------------
13:11:52   SLIP 147
--------------------------------------------------------------
          Portatree Timing Systems        
          Championship Drag Racing        
             www.portatree.com            
          -         Entry        -
        2.40        Dial       3.51  
        0.4828       RT        0.2520
    47.44  MPH  30.67
    2.5328  ET  3.8443
   WINNER  <<<
  Right FOUL
  Right 1st  0.0293
  Autostart OFF

  LEFT                RIGHT
  RT       0.4828     0.2520
  ET       2.5328     3.8443
  MPH      47.44      30.67

  Winner picked. Holding the result on the stream for 15 seconds.
  RC Drag Manager: Chris Whelan vs jacko [DYO RR1]

--------------------------------------------------------------
13:13:02   SLIP 148
--------------------------------------------------------------
          Portatree Timing Systems        
          Championship Drag Racing        
             www.portatree.com            
          -         Entry        -
        1.95        Dial       2.20  
        0.4275       RT        0.4223
    55.11  MPH  63.18
    2.1159  ET  2.2660
           >>> WINNER
  Right 1st  0.1051
  Autostart OFF

  LEFT                RIGHT
  RT       0.4275     0.4223
  ET       2.1159     2.2660
  MPH      55.11      63.18

  Winner picked. Holding the result on the stream for 15 seconds.
  RC Drag Manager: James Lowday vs Jason Rodgers [DYO RR1]

--------------------------------------------------------------
13:14:24   SLIP 149
--------------------------------------------------------------
          Portatree Timing Systems        
          Championship Drag Racing        
             www.portatree.com            
          -         Entry        -
        2.86        Dial       2.62  
        0.5577       RT        0.3461
     7.95  MPH  56.53
   18.2111  ET  2.6457
   WINNER  <<<
  Right FOUL
  Right 1st 15.5370
  Autostart OFF

  LEFT                RIGHT
  RT       0.5577     0.3461
  ET       18.2111    2.6457
  MPH      7.95       56.53

  Winner picked. Holding the result on the stream for 15 seconds.
  RC Drag Manager: Jeff Grimes vs Liam [DYO RR1]

--------------------------------------------------------------
13:15:35   SLIP 150
--------------------------------------------------------------
          Portatree Timing Systems        
          Championship Drag Racing        
             www.portatree.com            
          -         Entry        -
        2.34        Dial       2.88  
        0.5015       RT        0.8278
    56.44  MPH  39.25
    2.3978  ET  2.9465
   WINNER  <<<
  Left 1st  0.3350
  Autostart OFF

  LEFT                RIGHT
  RT       0.5015     0.8278
  ET       2.3978     2.9465
  MPH      56.44      39.25

  Winner picked. Holding the result on the stream for 15 seconds.
  RC Drag Manager: Lockie Rodgers vs Reed Briar [DYO RR1]

--------------------------------------------------------------
13:16:31   SLIP 151
--------------------------------------------------------------
          Portatree Timing Systems        
          Championship Drag Racing        
             www.portatree.com            
          -         Entry        -
        3.41        Dial       2.45  
        0.5012       RT        0.5963
    48.11  MPH  58.98
    3.4614  ET  2.4540
   WINNER  <<<
  Left 1st  0.0477
  Autostart OFF

  LEFT                RIGHT
  RT       0.5012     0.5963
  ET       3.4614     2.4540
  MPH      48.11      58.98

  Winner picked. Holding the result on the stream for 15 seconds.
  RC Drag Manager: Russel Nelson vs Seth [DYO RR1]

--------------------------------------------------------------
13:17:45   SLIP 152
--------------------------------------------------------------
          Portatree Timing Systems        
          Championship Drag Racing        
             www.portatree.com            
          -         Entry        -
        1.65        Dial       2.45  
        0.5786       RT        0.3906
    86.63  MPH 186.79
    1.7225  ET  2.6837
   WINNER  <<<
  Right FOUL
  Right 1st  0.0268
  Autostart OFF

  LEFT                RIGHT
  RT       0.5786     0.3906
  ET       1.7225     2.6837
  MPH      86.63      186.79

  Winner picked. Holding the result on the stream for 15 seconds.
  RC Drag Manager: James Lowday vs Adam Briar [DYO RR2]

--------------------------------------------------------------
13:19:16   SLIP 153
--------------------------------------------------------------
          Portatree Timing Systems        
          Championship Drag Racing        
             www.portatree.com            
          -         Entry        -
        0.00        Dial       0.00  
         LB3A        RT        0.3842
           MPH  76.43
     DQ     ET  2.2479
           >>> WINNER
  Left Staging FOUL
  Right 1st
  Autostart OFF

  LEFT                RIGHT
  RT       -          0.3842
  ET       DQ         2.2479
  MPH      -          76.43


--------------------------------------------------------------
13:22:31   SLIP 154
--------------------------------------------------------------
          Portatree Timing Systems        
          Championship Drag Racing        
             www.portatree.com            
          -         Entry        -
        0.00        Dial       0.00  
         LB3A        RT        0.6696
           MPH  84.69
     DQ     ET  1.8273
           >>> WINNER
  Left Staging FOUL
  Right 1st
  Autostart OFF

  LEFT                RIGHT
  RT       -          0.6696
  ET       DQ         1.8273
  MPH      -          84.69

  RC Drag Manager: James Lowday vs Ben [DYO RR2]

--------------------------------------------------------------
13:28:35   SLIP 155
--------------------------------------------------------------
          Portatree Timing Systems        
          Championship Drag Racing        
             www.portatree.com            
          -         Entry        -
        2.82        Dial       2.22  
        0.4559       RT        0.6707
           MPH  48.39
   64.9999  ET  2.2291
           >>> WINNER
  Right 1st
  Autostart OFF

  LEFT                RIGHT
  RT       0.4559     0.6707
  ET       64.9999    2.2291
  MPH      -          48.39


--------------------------------------------------------------
13:30:11   SLIP 156
--------------------------------------------------------------
          Portatree Timing Systems        
          Championship Drag Racing        
             www.portatree.com            
          -         Entry        -
        3.51        Dial       3.50  
        0.4806       RT        0.4070
    30.78  MPH  30.41
    4.0156  ET  3.6778
           >>> WINNER
  Right 1st  0.4014
  Autostart OFF

  LEFT                RIGHT
  RT       0.4806     0.4070
  ET       4.0156     3.6778
  MPH      30.78      30.41

  Winner picked. Holding the result on the stream for 15 seconds.
  RC Drag Manager: brett farnell vs James Lowday [DYO RR2]
  RC Drag Manager: James Lowday vs Chris Whelan [DYO RR2]

--------------------------------------------------------------
13:31:30   SLIP 157
--------------------------------------------------------------
          Portatree Timing Systems        
          Championship Drag Racing        
             www.portatree.com            
          -         Entry        -
        2.40        Dial       2.86  
        0.4969       RT        0.3555
    21.07  MPH  17.30
    4.1120  ET  6.7701
   WINNER  <<<
  Right FOUL
  Left 1st  2.0567
  Autostart OFF

  LEFT                RIGHT
  RT       0.4969     0.3555
  ET       4.1120     6.7701
  MPH      21.07      17.30


--------------------------------------------------------------
13:32:46   SLIP 158
--------------------------------------------------------------
          Portatree Timing Systems        
          Championship Drag Racing        
             www.portatree.com            
          -         Entry        -
        3.96        Dial       1.95  
        0.5501       RT        0.4513
    25.18  MPH  44.01
    7.5786  ET  2.2024
           >>> WINNER
  Right 1st  3.4650
  Autostart OFF

  LEFT                RIGHT
  RT       0.5501     0.4513
  ET       7.5786     2.2024
  MPH      25.18      44.01

  Winner picked. Holding the result on the stream for 15 seconds.
  RC Drag Manager: jacko vs Jeff Grimes [DYO RR2]

--------------------------------------------------------------
13:33:38   SLIP 159
--------------------------------------------------------------
          Portatree Timing Systems        
          Championship Drag Racing        
             www.portatree.com            
          -         Entry        -
        2.20        Dial       2.34  
        0.4106       RT        0.5165
    35.58  MPH  50.73
    2.6530  ET  2.4054
           >>> WINNER
  Right 1st  0.2817
  Autostart OFF

  LEFT                RIGHT
  RT       0.4106     0.5165
  ET       2.6530     2.4054
  MPH      35.58      50.73

  Winner picked. Holding the result on the stream for 15 seconds.
  RC Drag Manager: Jason Rodgers vs Lockie Rodgers [DYO RR2]

--------------------------------------------------------------
13:34:28   SLIP 160
--------------------------------------------------------------
          Portatree Timing Systems        
          Championship Drag Racing        
             www.portatree.com            
          -         Entry        -
        2.62        Dial       3.41  
        0.5675       RT        0.6690
    56.58  MPH  46.86
    2.6852  ET  3.4855
   WINNER  <<<
  Left 1st  0.1118
  Autostart OFF

  LEFT                RIGHT
  RT       0.5675     0.6690
  ET       2.6852     3.4855
  MPH      56.58      46.86

  Winner picked. Holding the result on the stream for 15 seconds.
  RC Drag Manager: Liam vs Russel Nelson [DYO RR2]

--------------------------------------------------------------
13:35:31   SLIP 161
--------------------------------------------------------------
          Portatree Timing Systems        
          Championship Drag Racing        
             www.portatree.com            
          -         Entry        -
        2.88        Dial       1.68  
        0.7430       RT        0.5533
    41.52  MPH  86.19
    2.8863  ET  1.7614
           >>> WINNER
  Right 1st  0.1146
  Autostart OFF

  LEFT                RIGHT
  RT       0.7430     0.5533
  ET       2.8863     1.7614
  MPH      41.52      86.19

  Winner picked. Holding the result on the stream for 15 seconds.
  RC Drag Manager: Reed Briar vs Seth [DYO RR2]

--------------------------------------------------------------
13:36:41   SLIP 162
--------------------------------------------------------------
          Portatree Timing Systems        
          Championship Drag Racing        
             www.portatree.com            
          -         Entry        -
        2.45        Dial       2.45  
        0.4407       RT        0.6045
    58.87  MPH  61.20
    2.5662  ET  2.5347
   WINNER  <<<
  Left 1st  0.1323
  Autostart OFF

  LEFT                RIGHT
  RT       0.4407     0.6045
  ET       2.5662     2.5347
  MPH      58.87      61.20

  Winner picked. Holding the result on the stream for 15 seconds.
  RC Drag Manager: Adam Briar vs James Lowday [DYO RR3]

--------------------------------------------------------------
13:37:19   SLIP 163
--------------------------------------------------------------
          Portatree Timing Systems        
          Championship Drag Racing        
             www.portatree.com            
          -         Entry        -
        0.00        Dial       0.00  
        0.4629       RT        LB3A
    33.11  MPH
    3.5003  ET    DQ
   WINNER  <<<
  Right Stage FOUL
  Left 1st
  Autostart OFF

  LEFT                RIGHT
  RT       0.4629     -
  ET       3.5003     DQ
  MPH      33.11      -


--------------------------------------------------------------
13:42:55   SLIP 164
--------------------------------------------------------------
          Portatree Timing Systems        
          Championship Drag Racing        
             www.portatree.com            
          -         Entry        -
        0.00        Dial       0.00  
        0.5232       RT        LB3A
    78.91  MPH
    1.6090  ET    DQ
   WINNER  <<<
  Right Stage FOUL
  Left 1st
  Autostart OFF

  LEFT                RIGHT
  RT       0.5232     -
  ET       1.6090     DQ
  MPH      78.91      -


--------------------------------------------------------------
13:45:17   SLIP 165
--------------------------------------------------------------
          Portatree Timing Systems        
          Championship Drag Racing        
             www.portatree.com            
          -         Entry        -
        2.22        Dial       3.96  
        0.7277       RT        0.5151
    69.93  MPH  25.28
    2.2960  ET  4.3587
   WINNER  <<<
  Left 1st  0.1101
  Autostart OFF

  LEFT                RIGHT
  RT       0.7277     0.5151
  ET       2.2960     4.3587
  MPH      69.93      25.28

  Winner picked. Holding the result on the stream for 15 seconds.
  RC Drag Manager: James Lowday vs Ben [DYO RR3]
  RC Drag Manager: jacko vs brett farnell [DYO RR3]

--------------------------------------------------------------
13:49:42   SLIP 166
--------------------------------------------------------------
          Portatree Timing Systems        
          Championship Drag Racing        
             www.portatree.com            
          -         Entry        -
        2.86        Dial       3.44  
        0.4815       RT        0.4867
    12.00  MPH  31.77
    8.5702  ET  3.6342
           >>> WINNER
  Right 1st  5.5108
  Autostart OFF

  LEFT                RIGHT
  RT       0.4815     0.4867
  ET       8.5702     3.6342
  MPH      12.00      31.77

  Winner picked. Holding the result on the stream for 15 seconds.
  RC Drag Manager: Chris Whelan vs Liam [DYO RR3]

--------------------------------------------------------------
13:50:57   SLIP 167
--------------------------------------------------------------
          Portatree Timing Systems        
          Championship Drag Racing        
             www.portatree.com            
          -         Entry        -
        2.20        Dial       2.40  
        0.3880       RT        0.5773
           MPH  37.23
   64.9999  ET  2.5667
           >>> WINNER
  Left FOUL
  Right 1st
  Autostart OFF

  LEFT                RIGHT
  RT       0.3880     0.5773
  ET       64.9999    2.5667
  MPH      -          37.23


--------------------------------------------------------------
13:51:42   SLIP 168
--------------------------------------------------------------
          Portatree Timing Systems        
          Championship Drag Racing        
             www.portatree.com            
          -         Entry        -
        1.95        Dial       2.88  
        0.5274       RT        0.4013
    76.60  MPH  41.47
    1.9663  ET  2.9059
           >>> WINNER
  Right 1st  0.1165
  Autostart OFF

  LEFT                RIGHT
  RT       0.5274     0.4013
  ET       1.9663     2.9059
  MPH      76.60      41.47

  Winner picked. Holding the result on the stream for 15 seconds.
  RC Drag Manager: Lockie Rodgers vs James Lowday [DYO RR3]

--------------------------------------------------------------
13:52:50   SLIP 169
--------------------------------------------------------------
          Portatree Timing Systems        
          Championship Drag Racing        
             www.portatree.com            
          -         Entry        -
        3.41        Dial       2.82  
        0.5407       RT        0.3659
    47.48  MPH  45.18
    3.5427  ET  2.9949
   WINNER  <<<
  Right FOUL
  Right 1st  0.1326
  Autostart OFF

  LEFT                RIGHT
  RT       0.5407     0.3659
  ET       3.5427     2.9949
  MPH      47.48      45.18

  Winner picked. Holding the result on the stream for 15 seconds.
  RC Drag Manager: Seth vs James Lowday [DYO RR3]

--------------------------------------------------------------
13:54:13   SLIP 170
--------------------------------------------------------------
          Portatree Timing Systems        
          Championship Drag Racing        
             www.portatree.com            
          -         Entry        -
        2.45        Dial       3.51  
        0.5794       RT        0.3240
    57.83  MPH  30.30
    2.6025  ET  4.5350
   WINNER  <<<
  Right FOUL
  Left 1st  0.6171
  Autostart OFF

  LEFT                RIGHT
  RT       0.5794     0.3240
  ET       2.6025     4.5350
  MPH      57.83      30.30

  Winner picked. Holding the result on the stream for 15 seconds.
  RC Drag Manager: Jeff Grimes vs Jason Rodgers [DYO RR3]

--------------------------------------------------------------
13:54:56   SLIP 171
--------------------------------------------------------------
          Portatree Timing Systems        
          Championship Drag Racing        
             www.portatree.com            
          -         Entry        -
        2.34        Dial       2.50  
        0.4958       RT        0.4270
    56.25  MPH  56.11
    2.3875  ET  2.6704
   WINNER  <<<
  Left 1st  0.0541
  Autostart OFF

  LEFT                RIGHT
  RT       0.4958     0.4270
  ET       2.3875     2.6704
  MPH      56.25      56.11

  Winner picked. Holding the result on the stream for 15 seconds.
  RC Drag Manager: Russel Nelson vs Reed Briar [DYO RR3]

--------------------------------------------------------------
13:56:04   SLIP 172
--------------------------------------------------------------
          Portatree Timing Systems        
          Championship Drag Racing        
             www.portatree.com            
          -         Entry        -
        1.67        Dial       2.45  
        0.5874       RT        0.4936
    83.25  MPH  58.07
    1.7434  ET  2.6198
   WINNER  <<<
  Left 1st  0.0026
  Autostart OFF

  LEFT                RIGHT
  RT       0.5874     0.4936
  ET       1.7434     2.6198
  MPH      83.25      58.07

  Winner picked. Holding the result on the stream for 15 seconds.
  RC Drag Manager: test vs test 2 [testing RR1]

--------------------------------------------------------------
13:56:33   SLIP 173
--------------------------------------------------------------
          Portatree Timing Systems        
          Championship Drag Racing        
             www.portatree.com            
          -         Entry        -
        0.00        Dial       0.00  
        0.4539       RT        LB3A
    31.90  MPH
    3.5928  ET    DQ
   WINNER  <<<
  Right Stage FOUL
  Left 1st
  Autostart OFF

  LEFT                RIGHT
  RT       0.4539     -
  ET       3.5928     DQ
  MPH      31.90      -

  Winner picked. Holding the result on the stream for 15 seconds.
  RC Drag Manager: Ben vs Adam Briar [DYO LB-R1]

--------------------------------------------------------------
13:59:04   SLIP 174
--------------------------------------------------------------
          Portatree Timing Systems        
          Championship Drag Racing        
             www.portatree.com            
          -         Entry        -
        0.00        Dial       0.00  
        0.4370       RT        LB3A
    84.48  MPH
    1.8505  ET    DQ
   WINNER  <<<
  Right Stage FOUL
  Left 1st
  Autostart OFF

  LEFT                RIGHT
  RT       0.4370     -
  ET       1.8505     DQ
  MPH      84.48      -


--------------------------------------------------------------
14:11:32   SLIP 175
--------------------------------------------------------------
          Portatree Timing Systems        
          Championship Drag Racing        
             www.portatree.com            
          -         Entry        -
        0.00        Dial       0.00  
         LB3A        RT        0.7072
           MPH  44.15
     DQ     ET  2.1157
           >>> WINNER
  Left Staging FOUL
  Right 1st
  Autostart OFF

  LEFT                RIGHT
  RT       -          0.7072
  ET       DQ         2.1157
  MPH      -          44.15

  Winner picked. Holding the result on the stream for 15 seconds.
  RC Drag Manager: James Lowday vs James Lowday [DYO R1]

--------------------------------------------------------------
14:13:24   SLIP 176
--------------------------------------------------------------
          Portatree Timing Systems        
          Championship Drag Racing        
             www.portatree.com            
          -         Entry        -
        0.00        Dial       0.00  
        0.8486       RT        LB3A
    82.44  MPH
    1.8444  ET    DQ
   WINNER  <<<
  Right Stage FOUL
  Left 1st
  Autostart OFF

  LEFT                RIGHT
  RT       0.8486     -
  ET       1.8444     DQ
  MPH      82.44      -


--------------------------------------------------------------
14:20:29   SLIP 177
--------------------------------------------------------------
          Portatree Timing Systems        
          Championship Drag Racing        
             www.portatree.com            
          -         Entry        -
        1.95        Dial       3.41  
        0.3808       RT        0.2718
    76.26  MPH  40.34
    1.9826  ET  3.8320
   WINNER  <<<
  Right FOUL
  Left 1st  0.2804
  Autostart OFF

  LEFT                RIGHT
  RT       0.3808     0.2718
  ET       1.9826     3.8320
  MPH      76.26      40.34


--------------------------------------------------------------
14:24:57   SLIP 178
--------------------------------------------------------------
          Portatree Timing Systems        
          Championship Drag Racing        
             www.portatree.com            
          -         Entry        -
        2.88        Dial       2.20  
        0.3614       RT        0.4781
    45.88  MPH  12.32
    2.8342  ET  4.4729
        0.0458    BREAKOUT
           >>> WINNER
  Left FOUL
  Left 1st  2.4354
  Autostart OFF

  LEFT                RIGHT
  RT       0.3614     0.4781
  ET       2.8342     4.4729
  MPH      45.88      12.32


--------------------------------------------------------------
14:27:36   SLIP 179
--------------------------------------------------------------
          Portatree Timing Systems        
          Championship Drag Racing        
             www.portatree.com            
          -         Entry        -
        3.50        Dial       2.45  
        0.5637       RT        0.4324
    31.01  MPH  60.28
    3.5951  ET  2.4937
           >>> WINNER
  Right 1st  0.1827
  Autostart OFF

  LEFT                RIGHT
  RT       0.5637     0.4324
  ET       3.5951     2.4937
  MPH      31.01      60.28


--------------------------------------------------------------
14:30:25   SLIP 180
--------------------------------------------------------------
          Portatree Timing Systems        
          Championship Drag Racing        
             www.portatree.com            
          -         Entry        -
        2.45        Dial       2.40  
        0.5242       RT        0.5153
     2.76  MPH  48.11
    2.6436  ET  2.4803
           >>> WINNER
  Right 1st  0.1222
  Autostart OFF

  LEFT                RIGHT
  RT       0.5242     0.5153
  ET       2.6436     2.4803
  MPH      2.76       48.11


--------------------------------------------------------------
14:32:40   SLIP 181
--------------------------------------------------------------
          Portatree Timing Systems        
          Championship Drag Racing        
             www.portatree.com            
          -         Entry        -
        2.82        Dial       2.34  
        0.4915       RT        0.4625
    44.44  MPH  55.61
    2.8671  ET  2.3777
           >>> WINNER
  Right 1st  0.0384
  Autostart OFF

  LEFT                RIGHT
  RT       0.4915     0.4625
  ET       2.8671     2.3777
  MPH      44.44      55.61


--------------------------------------------------------------
14:34:35   SLIP 182
--------------------------------------------------------------
          Portatree Timing Systems        
          Championship Drag Racing        
             www.portatree.com            
          -         Entry        -
        3.48        Dial       1.67  
        0.4482       RT        0.5254
    29.98  MPH  86.30
    3.5595  ET  1.7605
   WINNER  <<<
  Left 1st  0.0882
  Autostart OFF

  LEFT                RIGHT
  RT       0.4482     0.5254
  ET       3.5595     1.7605
  MPH      29.98      86.30


--------------------------------------------------------------
14:36:18   SLIP 183
--------------------------------------------------------------
          Portatree Timing Systems        
          Championship Drag Racing        
             www.portatree.com            
          -         Entry        -
        3.96        Dial       2.62  
        0.6193       RT        0.5092
    25.41  MPH  56.53
    4.0229  ET  2.6477
           >>> WINNER
  Right 1st  0.1453
  Autostart OFF

  LEFT                RIGHT
  RT       0.6193     0.5092
  ET       4.0229     2.6477
  MPH      25.41      56.53


--------------------------------------------------------------
14:40:38   SLIP 184
--------------------------------------------------------------
          Portatree Timing Systems        
          Championship Drag Racing        
             www.portatree.com            
          -         Entry        -
        0.00        Dial       0.00  
         LB3A        RT        0.4760
           MPH
     DQ     ET 65.0000
           >>> WINNER
  Left Staging FOUL
  Right 1st
  Autostart OFF

  LEFT                RIGHT
  RT       -          0.4760
  ET       DQ         65.0000
  MPH      -          -


--------------------------------------------------------------
14:41:33   SLIP 185
--------------------------------------------------------------
          Portatree Timing Systems        
          Championship Drag Racing        
             www.portatree.com            
          -         Entry        -
        0.00        Dial       0.00  
         LB3A        RT        0.7245
           MPH  61.31
     DQ     ET  2.3259
           >>> WINNER
  Left Staging FOUL
  Right 1st
  Autostart OFF

  LEFT                RIGHT
  RT       -          0.7245
  ET       DQ         2.3259
  MPH      -          61.31

